{
  "games": {
    "precision": 0.5666666666666667,
    "recall": 0.8095238095238095,
    "f1-score": 0.6666666666666666,
    "support": 21.0
  },
  "geometry": {
    "precision": 0.5609756097560976,
    "recall": 0.6764705882352942,
    "f1-score": 0.6133333333333333,
    "support": 34.0
  },
  "graphs": {
    "precision": 0.5878378378378378,
    "recall": 0.6541353383458647,
    "f1-score": 0.6192170818505338,
    "support": 133.0
  },
  "math": {
    "precision": 0.5079365079365079,
    "recall": 0.599250936329588,
    "f1-score": 0.5498281786941581,
    "support": 267.0
  },
  "number theory": {
    "precision": 0.5180722891566265,
    "recall": 0.6615384615384615,
    "f1-score": 0.581081081081081,
    "support": 65.0
  },
  "probabilities": {
    "precision": 0.7058823529411765,
    "recall": 0.5454545454545454,
    "f1-score": 0.6153846153846154,
    "support": 22.0
  },
  "strings": {
    "precision": 0.6090909090909091,
    "recall": 0.7701149425287356,
    "f1-score": 0.6802030456852792,
    "support": 87.0
  },
  "trees": {
    "precision": 0.4888888888888889,
    "recall": 0.7457627118644068,
    "f1-score": 0.5906040268456376,
    "support": 59.0
  },
  "micro avg": {
    "precision": 0.5431654676258992,
    "recall": 0.6584302325581395,
    "f1-score": 0.59526938239159,
    "support": 688.0
  },
  "macro avg": {
    "precision": 0.5681688827843389,
    "recall": 0.6827814167275883,
    "f1-score": 0.6145397536926631,
    "support": 688.0
  },
  "weighted avg": {
    "precision": 0.5462414460442261,
    "recall": 0.6584302325581395,
    "f1-score": 0.5949787257238928,
    "support": 688.0
  },
  "samples avg": {
    "precision": 0.33493427704752277,
    "recall": 0.3581900910010111,
    "f1-score": 0.3348307573787857,
    "support": 688.0
  }
}