{
  "0": {
    "precision": 0.2992125984251969,
    "recall": 0.3220338983050847,
    "f1-score": 0.31020408163265306,
    "support": 118.0
  },
  "1": {
    "precision": 0.3770491803278688,
    "recall": 0.5348837209302325,
    "f1-score": 0.4423076923076923,
    "support": 43.0
  },
  "2": {
    "precision": 0.27699530516431925,
    "recall": 0.3782051282051282,
    "f1-score": 0.31978319783197834,
    "support": 156.0
  },
  "3": {
    "precision": 0.46551724137931033,
    "recall": 0.47368421052631576,
    "f1-score": 0.46956521739130436,
    "support": 57.0
  },
  "4": {
    "precision": 0.41403508771929826,
    "recall": 0.5388127853881278,
    "f1-score": 0.46825396825396826,
    "support": 219.0
  },
  "5": {
    "precision": 0.3769633507853403,
    "recall": 0.5625,
    "f1-score": 0.45141065830721006,
    "support": 128.0
  },
  "6": {
    "precision": 0.583941605839416,
    "recall": 0.7142857142857143,
    "f1-score": 0.642570281124498,
    "support": 112.0
  },
  "7": {
    "precision": 0.125,
    "recall": 0.23529411764705882,
    "f1-score": 0.16326530612244897,
    "support": 17.0
  },
  "8": {
    "precision": 0.4885057471264368,
    "recall": 0.48295454545454547,
    "f1-score": 0.4857142857142857,
    "support": 176.0
  },
  "9": {
    "precision": 0.22413793103448276,
    "recall": 0.41935483870967744,
    "f1-score": 0.29213483146067415,
    "support": 31.0
  },
  "10": {
    "precision": 0.5666666666666667,
    "recall": 0.8095238095238095,
    "f1-score": 0.6666666666666666,
    "support": 21.0
  },
  "11": {
    "precision": 0.5609756097560976,
    "recall": 0.6764705882352942,
    "f1-score": 0.6133333333333333,
    "support": 34.0
  },
  "12": {
    "precision": 0.5878378378378378,
    "recall": 0.6541353383458647,
    "f1-score": 0.6192170818505338,
    "support": 133.0
  },
  "13": {
    "precision": 0.5598958333333334,
    "recall": 0.6073446327683616,
    "f1-score": 0.5826558265582655,
    "support": 354.0
  },
  "14": {
    "precision": 0.15789473684210525,
    "recall": 0.35294117647058826,
    "f1-score": 0.21818181818181817,
    "support": 17.0
  },
  "15": {
    "precision": 0.5,
    "recall": 0.6041666666666666,
    "f1-score": 0.5471698113207547,
    "support": 336.0
  },
  "16": {
    "precision": 1.0,
    "recall": 0.7857142857142857,
    "f1-score": 0.88,
    "support": 28.0
  },
  "17": {
    "precision": 0.5079365079365079,
    "recall": 0.599250936329588,
    "f1-score": 0.5498281786941581,
    "support": 267.0
  },
  "18": {
    "precision": 0.5180722891566265,
    "recall": 0.6615384615384615,
    "f1-score": 0.581081081081081,
    "support": 65.0
  },
  "19": {
    "precision": 0.17391304347826086,
    "recall": 0.25396825396825395,
    "f1-score": 0.2064516129032258,
    "support": 63.0
  },
  "20": {
    "precision": 0.7058823529411765,
    "recall": 0.5454545454545454,
    "f1-score": 0.6153846153846154,
    "support": 22.0
  },
  "21": {
    "precision": 0.3333333333333333,
    "recall": 0.5806451612903226,
    "f1-score": 0.4235294117647059,
    "support": 31.0
  },
  "22": {
    "precision": 0.3681592039800995,
    "recall": 0.4966442953020134,
    "f1-score": 0.4228571428571429,
    "support": 149.0
  },
  "23": {
    "precision": 0.6090909090909091,
    "recall": 0.7701149425287356,
    "f1-score": 0.6802030456852792,
    "support": 87.0
  },
  "24": {
    "precision": 0.4888888888888889,
    "recall": 0.7457627118644068,
    "f1-score": 0.5906040268456376,
    "support": 59.0
  },
  "25": {
    "precision": 0.12790697674418605,
    "recall": 0.2,
    "f1-score": 0.15602836879432624,
    "support": 55.0
  },
  "micro avg": {
    "precision": 0.4451201853460759,
    "recall": 0.5532757379409647,
    "f1-score": 0.49333975284865994,
    "support": 2778.0
  },
  "macro avg": {
    "precision": 0.4383773937610653,
    "recall": 0.538680183286657,
    "f1-score": 0.47686159777185605,
    "support": 2778.0
  },
  "weighted avg": {
    "precision": 0.45951209598455167,
    "recall": 0.5532757379409647,
    "f1-score": 0.4994294381124836,
    "support": 2778.0
  },
  "samples avg": {
    "precision": 0.470152886659459,
    "recall": 0.5839135249650921,
    "f1-score": 0.4752219132401135,
    "support": 2778.0
  }
}